"Chromosome","Position","Allele1","Allele2","BETA"
1,161217875,"T","C",-0.0537
1,207262693,"T","C",0.0575
1,207518704,"A","G",0.1253
1,207631538,"T","C",0.0652
1,207669277,"T","C",0.1577
2,127054680,"A","G",0.1144
2,127068392,"A","G",-0.0709
2,127084354,"T","C",-0.1071
2,127106624,"A","C",0.0679
2,127121925,"A","G",0.0797
2,127130409,"A","C",0.0802
2,127135234,"T","C",0.1686
2,233117495,"T","C",-0.1091
2,233160620,"A","C",0.0601
4,960186,"T","G",-0.0586
4,11023398,"T","G",0.0668
5,87002714,"T","C",0.0746
5,180201150,"A","G",0.0925
6,32411770,"T","C",0.0661
6,32593506,"A","C",-0.0956
6,32714652,"T","C",-0.1075
6,32716983,"T","C",-0.0695
6,41198572,"A","G",-0.0574
6,41272084,"T","C",0.0578
6,47443300,"T","C",-0.0457
6,47615928,"T","C",0.065
6,114361563,"A","G",0.0467
7,28137682,"T","C",-0.0561
7,54899045,"A","G",-0.0833
7,100068211,"T","C",-0.0553
7,100373690,"T","C",-0.0755
7,100489836,"T","C",0.0751
7,143406388,"A","G",-0.0635
7,143413669,"A","G",-0.0604
8,27362470,"T","C",0.0656
8,27476581,"T","C",-0.0973
8,27530891,"A","G",0.0726
8,27545260,"A","G",-0.0986
8,27577205,"T","C",0.0694
8,27608640,"T","C",-0.1003
8,94988691,"A","G",-0.0487
8,100663356,"T","C",-0.0459
10,11678621,"T","C",0.0524
10,59981020,"T","C",0.0453
10,80509705,"T","C",-0.0785
11,47389337,"T","G",0.0565
11,60133949,"A","C",-0.0659
11,60254475,"A","G",-0.086
11,86150262,"A","G",0.0874
11,86156833,"A","G",-0.1056
11,121486543,"A","G",0.1911
11,121504103,"T","C",0.1042
11,121575890,"T","C",-0.1829
11,121620549,"T","C",-0.1495
14,39418472,"A","G",0.0822
14,52923297,"T","C",0.0876
14,92460608,"T","G",-0.0672
14,92470627,"T","C",0.0693
15,58693668,"T","C",-0.0594
15,63277703,"T","C",0.113
15,63312881,"T","C",0.0622
16,30010081,"T","C",-0.0592
16,31143037,"A","G",-0.0565
16,81739604,"A","G",-0.0591
16,90073916,"A","G",0.0947
17,4907183,"T","TA",0.0776
17,5236512,"A","G",0.0905
17,45680084,"A","C",-0.056
17,46720553,"T","C",-0.0593
17,58363181,"T","G",-0.0482
17,63483402,"T","C",-0.0656
19,1042810,"A","G",0.0755
19,1046077,"T","C",0.1163
19,1048117,"A","G",0.0945
19,1066626,"A","AGACGGACAGGGCCC",-0.096
19,1833339,"T","G",-0.05
19,44516798,"A","G",0.2036
19,44577250,"A","G",0.0527
19,44625792,"T","C",-0.2202
19,44639551,"T","G",-0.0671
19,44646342,"T","C",0.1222
19,44692474,"CG","C",-0.1734
19,44697256,"A","G",-0.0649
19,44704558,"T","C",0.0854
19,44714411,"A","G",-0.0835
19,44728212,"A","G",-0.0816
19,44750234,"T","C",-0.1584
19,44813331,"A","G",-0.3274
19,44816374,"A","G",-0.434
19,44838691,"A","G",-0.1314
19,44849547,"T","C",-0.0819
19,44854769,"T","C",0.6829
19,44857967,"A","G",-0.1319
19,44867581,"A","G",-0.1077
19,44875462,"T","C",-0.1646
19,44876259,"A","G",0.1425
19,44893972,"A","G",-0.5399
19,44944779,"T","C",-0.0888
19,45004284,"A","G",0.4292
19,45017701,"T","G",0.3563
19,45026449,"A","G",0.057
19,45077114,"T","C",0.2001
19,45087826,"T","C",0.2242
19,45130428,"A","G",0.1567
19,45193762,"A","C",0.2152
19,45195982,"T","C",0.0526
19,45205778,"T","C",0.1157
19,45209421,"A","G",0.2399
19,45219485,"A","G",0.1951
19,45229943,"T","C",0.1517
2,9409624,"T","C",-0.0547
2,233112697,"A","C",-0.0596
5,87113619,"A","G",-0.0512
6,28259100,"A","G",-0.0446
8,125446584,"T","C",0.0742
11,121470599,"T","G",0.0752
19,43957194,"T","G",0.0674
2,202878716,"T","TC",-0.063
3,36911441,"T","C",-0.0411
4,10966897,"A","G",0.0427
5,14654355,"A","G",0.0824
6,30524814,"A","G",-0.0435
6,32616043,"T","G",-0.0867
6,32697727,"T","C",0.0647
7,7815748,"T","C",0.0453
7,8204779,"A","G",0.0699
7,12229042,"A","C",0.0418
7,37862567,"A","G",-0.0458
8,27584610,"A","C",0.0662
8,125520477,"T","C",-0.0487
8,143944186,"T","C",0.1024
9,104898848,"A","C",0.0644
10,11451551,"T","C",-0.0451
10,96302996,"T","G",-0.1144
11,85682187,"T","G",-0.0905
11,86165960,"A","C",0.0434
14,52730943,"G","GT",0.0981
14,106669877,"A","G",-0.0659
15,58929542,"T","C",-0.0501
15,78937617,"T","TGGCCAGAATG",-0.0653
16,79572623,"T","C",-0.0432
16,81884916,"T","C",-0.1028
17,1728046,"T","TGAG",0.0514
17,7560327,"T","TCAA",-0.0895
17,44360386,"A","G",0.0424
17,45606901,"A","AT",0.0617
17,49271690,"A","G",0.0433
18,32077300,"T","C",0.0443
19,1014538,"A","ACGTGATGGGG",-0.0456
19,1088286,"T","C",0.053
19,1107161,"T","C",0.0502
19,44820544,"T","C",-0.1189
19,44940825,"A","G",-0.178
19,45089217,"T","C",-0.0695
19,45327689,"A","G",-0.0451
19,54281738,"A","G",0.0582
1,20035367,"T","C",0.163
1,42406111,"T","G",0.0509
1,161216513,"A","G",0.0636
1,181748731,"A","C",0.0364
1,207720437,"T","C",0.0398
2,561099,"T","C",0.0362
2,9548014,"T","C",0.053
2,19386350,"T","C",-0.0395
2,35196761,"CAT","C",0.0473
2,37306679,"T","G",0.053
2,43508574,"T","C",-0.062
2,117277303,"A","C",-0.1193
2,127169416,"A","G",-0.0518
2,134861412,"T","C",-0.0394
2,233202308,"T","C",0.0436
3,37830248,"T","C",-0.0522
3,56335481,"T","G",0.0717
3,136794434,"A","C",-0.1134
3,137040691,"A","G",-0.0478
3,155031688,"A","G",-0.0891
3,184217230,"T","C",-0.0492
4,837393,"A","G",0.0506
4,10970328,"A","G",0.0732
4,87718558,"A","G",-0.042
4,94947147,"A","G",-0.0532
5,103931373,"A","G",-0.0432
5,124893299,"T","C",0.0613
5,140299969,"T","G",0.0412
5,177548692,"A","G",0.0812
6,2842596,"T","C",0.0386
6,29966332,"A","G",-0.0401
6,30994359,"A","C",-0.0832
6,31084584,"A","G",-0.0769
6,31127517,"A","G",0.0386
6,31444494,"T","G",0.0984
6,78640175,"A","C",-0.0379
6,106326155,"T","C",0.0362
7,18892675,"A","G",0.0711
7,37652697,"A","G",-0.0414
7,50439687,"A","AGAAAG",0.0628
7,138167565,"T","C",-0.0412
7,143392066,"T","C",0.0417
7,145133782,"T","C",0.111
9,104826047,"A","G",0.1027
9,104872359,"A","G",0.0428
10,11670966,"A","G",-0.0681
10,58153390,"T","C",-0.0476
10,80542291,"T","C",0.041
10,80553412,"A","C",-0.1176
10,122435969,"A","G",0.0382
11,46326337,"A","G",0.0431
11,47210487,"T","C",-0.0388
11,49854355,"T","C",0.1133
11,60077227,"A","G",-0.0768
11,85445595,"A","G",0.1091
11,121570811,"A","G",-0.1423
11,122688142,"T","C",0.0381
11,130385218,"T","C",0.0405
12,7056109,"T","C",-0.0535
12,32396677,"T","C",0.0864
12,69674599,"T","C",-0.0788
12,106706728,"A","G",0.0962
12,113196025,"A","G",0.074
12,124228209,"A","G",-0.0814
13,39414592,"A","ACTT",-0.0496
13,49202204,"T","G",0.052
14,52934543,"T","C",-0.0398
14,91253431,"A","G",-0.0533
14,92391511,"T","C",0.0665
15,50758847,"T","C",-0.0392
15,63381212,"T","C",-0.0566
15,64097544,"T","C",0.0471
15,64608327,"A","C",-0.0367
15,79073438,"A","G",-0.0447
16,23461954,"G","GA",-0.055
16,29871169,"T","C",-0.0409
16,49851151,"T","C",-0.0471
16,70637587,"G","GC",0.039
16,70686078,"T","C",0.0853
16,74437255,"T","C",-0.1074
16,74465691,"A","G",-0.0555
16,81732026,"T","C",-0.0415
16,81870119,"T","G",0.0621
16,81945447,"A","G",0.0724
16,81960369,"A","G",0.0464
16,86439834,"A","G",0.1186
17,5205988,"T","C",-0.0789
17,18141348,"T","TATA",-0.0613
17,45815154,"A","C",0.04
17,46053939,"T","C",0.0403
17,50939714,"G","GA",-0.042
17,63498493,"T","C",0.1365
19,1000786,"T","C",0.0434
19,1020466,"T","TGGGCCCTGGA",0.0552
19,1031439,"T","C",0.0409
19,1060638,"T","G",-0.0773
19,1088319,"T","C",-0.0549
19,5908958,"A","G",-0.0551
19,43879172,"A","G",0.1262
19,44233910,"T","C",0.2042
19,44423607,"A","G",-0.0661
19,44709109,"A","G",-0.0648
19,44808266,"T","C",-0.0817
19,44881845,"A","G",-0.1729
19,44896199,"T","C",-0.1773
19,44927737,"T","TACAACA",-0.1931
19,44987027,"A","G",-0.1072
19,45237491,"T","G",0.1052
19,45238836,"A","G",-0.0446
19,49950060,"T","C",0.0458
19,54552502,"G","GGT",0.1148
20,417634,"T","G",-0.0485
20,1913960,"T","C",-0.0401
1,1047064,"A","G",-0.063
1,21023511,"T","C",0.0367
1,23948943,"A","G",0.0474
1,40724799,"A","AAAGT",0.0547
1,48623525,"A","G",0.0362
1,62735769,"A","G",0.0466
1,119568760,"T","C",0.0346
1,154279732,"A","G",0.0382
1,156805842,"A","G",0.0359
1,157681764,"A","G",-0.045
1,161183606,"T","C",-0.0652
1,161736837,"T","C",0.0718
1,167623295,"T","C",0.0336
1,181924767,"T","C",-0.1168
1,201045838,"T","C",0.0375
1,207229915,"T","G",0.0944
1,207686264,"T","C",0.1231
1,207984648,"A","G",-0.0356
1,210133501,"A","G",-0.0369
1,210212328,"A","G",0.0329
1,210411596,"T","TA",0.0399
1,224356827,"A","G",0.0398
2,2489998,"A","G",0.0324
2,6493383,"A","G",-0.1448
2,9258322,"A","G",0.0937
2,12837546,"T","TG",0.0339
2,18371481,"T","TATG",0.1445
2,18513848,"A","G",0.0337
2,19902364,"T","C",0.1051
2,33464237,"A","G",0.0445
2,37299235,"A","G",0.0748
2,43314459,"T","C",0.0348
2,43830686,"T","TCTC",0.0716
2,47013936,"A","G",0.0344
2,49090813,"A","G",0.0345
2,71335373,"T","C",0.0346
2,105797617,"T","C",-0.1131
2,105994115,"T","C",-0.0348
2,108500157,"CAT","C",0.0354
2,127126319,"A","C",0.1004
2,155572617,"A","G",0.0887
2,158056448,"A","C",-0.1313
2,159707684,"A","G",0.0355
2,160432064,"T","C",0.0356
2,173337196,"T","C",0.1045
2,183877434,"A","G",-0.0324
2,191230802,"T","C",0.1152
2,206900254,"T","C",0.0322
2,219574380,"T","G",-0.0341
2,233345585,"A","G",0.0669
2,241028028,"A","G",-0.0457
3,13635870,"A","G",0.085
3,70788493,"CT","C",-0.0358
3,81882074,"T","C",-0.044
3,107972676,"A","AAT",0.0459
3,119191481,"A","G",-0.0334
3,125148790,"T","C",-0.0421
3,128670816,"A","G",0.0371
3,129579049,"T","C",0.1706
3,152418374,"A","AT",-0.0374
3,177251853,"A","C",-0.1206
4,760019,"T","C",-0.0404
4,10266316,"A","G",-0.1675
4,38866691,"A","G",0.1163
4,40306351,"T","C",-0.0384
4,54843379,"A","C",-0.0483
4,72987696,"T","G",-0.0453
4,77867974,"T","C",-0.0364
4,80619262,"A","AT",0.0463
4,82319085,"T","TAAAAC",0.0418
4,109052965,"T","C",0.0567
4,112005213,"T","C",-0.0318
4,118325599,"T","C",0.0681
4,150287074,"A","ATAAC",0.1249
4,167924238,"T","C",0.0918
5,5176058,"T","TGAG",-0.1272
5,56807982,"A","G",-0.0535
5,59088566,"A","G",0.04
5,59527540,"T","C",-0.0383
5,62335614,"T","C",0.1589
5,65114980,"A","G",0.0328
5,74674772,"T","C",-0.0351
5,85677071,"T","C",-0.0915
5,85772994,"T","C",-0.0794
5,96717901,"A","C",0.0319
5,105972645,"T","C",0.0354
5,107138048,"A","G",-0.0565
5,113681739,"A","G",0.0908
5,129832679,"T","C",-0.0421
5,130007286,"T","G",0.0352
5,130766330,"A","G",0.0377
5,147549736,"T","C",0.0336
5,149050941,"A","G",0.0407
5,159676435,"T","G",0.1073
5,161328556,"T","TGAAA",0.0443
5,177109548,"T","C",-0.0418
5,177508998,"A","G",-0.0699
5,180628259,"A","G",-0.0887
6,11907933,"A","C",0.0353
6,18913980,"A","C",-0.0319
6,19049266,"A","G",-0.0431
6,19393557,"A","G",0.036
6,27235571,"A","G",0.0911
6,28809800,"A","C",0.0699
6,29001745,"A","G",0.0403
6,29518526,"T","C",0.0458
6,29599538,"A","C",0.0666
6,30300109,"T","C",0.0516
6,31604857,"A","G",0.082
6,32297751,"T","C",0.0674
6,32377354,"T","G",0.0475
6,32712781,"A","C",0.0458
6,32819279,"T","C",0.0353
6,33067038,"A","G",0.0498
6,34656128,"T","C",-0.0525
6,35777636,"T","TA",0.1814
6,40819539,"A","G",0.0555
6,40934872,"A","G",-0.0379
6,41103202,"A","G",0.0715
6,41185500,"A","G",0.0937
6,41250075,"A","AAAC",-0.0567
6,43259403,"A","G",-0.0578
6,45558952,"T","C",-0.0413
6,47695670,"T","C",0.1061
6,53487408,"A","C",0.0438
6,64873569,"A","G",0.0797
6,81717450,"G","GA",0.0946
6,83577519,"T","C",-0.0373
6,90216893,"A","C",0.0343
6,114512427,"T","C",0.0354
7,1525549,"A","G",-0.0341
7,12078740,"A","G",0.0503
7,17940170,"A","G",0.0361
7,39124322,"T","G",-0.0364
7,41079919,"A","G",0.0556
7,44764308,"CA","C",-0.05
7,44933663,"T","TCA",0.0329
7,46873157,"A","G",0.069
7,50598336,"T","G",-0.0347
7,55027504,"A","G",-0.0346
7,80364126,"T","C",0.0352
7,100683273,"A","C",-0.0606
7,100779751,"A","G",0.0364
7,102423594,"T","C",0.0397
7,104153490,"A","AGTT",-0.0843
7,138979691,"T","C",0.1011
7,143510144,"T","C",-0.0352
8,9798792,"T","C",0.0378
8,10885911,"T","C",0.0341
8,11751465,"T","C",0.067
8,11889723,"T","C",0.0396
8,17626444,"A","G",-0.0653
8,17719578,"A","G",0.0354
8,27625353,"T","C",-0.0336
8,89849814,"T","C",-0.0365
8,94755667,"T","G",0.0905
8,94840952,"A","G",-0.0361
8,117884148,"T","TTCTA",-0.0527
8,117902322,"T","C",0.0629
8,125494856,"A","G",0.0927
8,135848274,"T","C",-0.0349
8,138344733,"A","G",0.0346
8,140128463,"T","C",0.1505
9,1200036,"A","G",0.0369
9,7363581,"T","G",0.0753
9,19674376,"A","G",-0.0686
9,23811905,"T","G",-0.0413
9,28807889,"A","G",-0.0578
9,29163788,"A","C",-0.0463
9,36151167,"A","G",0.0343
9,37041936,"T","C",-0.0606
9,89134472,"G","GT",0.0411
9,90701142,"A","C",-0.0439
9,95656746,"T","C",-0.0328
9,95669405,"T","C",0.0614
9,126761628,"T","C",0.0466
10,13041757,"T","G",-0.0976
10,17445117,"A","AG",-0.0484
10,68413715,"A","G",0.0776
10,80030539,"T","G",-0.0375
10,80298232,"A","G",0.036
10,80611556,"A","G",0.0356
10,87665902,"T","C",0.1095
10,92393490,"T","C",-0.0355
10,96671523,"G","GAT",-0.0832
10,97524285,"G","GC",0.0402
10,99542971,"T","C",0.0485
10,101002044,"T","C",0.0403
10,113862616,"A","G",-0.0319
10,119361909,"T","C",-0.1514
11,7646961,"A","C",0.0557
11,10510897,"T","C",-0.0339
11,15522954,"T","C",0.0328
11,15714107,"A","G",-0.0322
11,24847645,"A","G",0.1043
11,47457540,"T","C",0.1113
11,47549905,"T","C",-0.1127
11,48238849,"T","G",0.0587
11,54998817,"T","C",0.1539
11,60261187,"T","C",-0.0914
11,64244382,"T","C",-0.0339
11,65832185,"T","C",-0.0481
11,66617100,"A","ACT",0.094
11,72458567,"T","C",-0.042
11,85208453,"A","ACAATTT",-0.0824
11,85816746,"CA","C",-0.0677
11,85919080,"T","C",-0.0529
11,85978998,"A","G",0.0401
11,109287182,"A","C",-0.0717
11,122663533,"A","G",0.0523
11,125387465,"A","G",0.0734
11,131815466,"A","C",0.0476
12,9331615,"T","C",0.0334
12,19379836,"A","G",0.0959
12,20460751,"A","G",0.036
12,27875140,"T","C",0.0924
12,51364728,"T","C",0.0408
12,66510768,"T","C",-0.0363
12,76145757,"T","C",0.0358
12,94273011,"A","G",-0.058
12,99618402,"T","C",0.0459
12,115592639,"T","C",0.1536
12,116575545,"A","G",0.0341
12,119848388,"T","C",-0.0424
12,122900896,"T","C",-0.0632
13,26756076,"T","C",-0.1251
13,29291541,"T","C",0.0372
13,50526856,"A","G",0.0715
13,50727001,"A","G",0.0347
13,50775236,"A","G",-0.0417
13,77010751,"A","G",0.0639
14,50926455,"A","G",0.1228
14,66009778,"T","C",0.0683
14,73040685,"A","C",0.0462
14,73717489,"A","G",-0.0376
14,81135586,"T","G",-0.0577
14,82687024,"A","G",0.0365
14,92427536,"A","G",-0.0327
14,106799304,"A","G",0.0411
15,32713208,"T","C",-0.1218
15,38043331,"T","C",0.0488
15,58396278,"A","G",-0.0341
15,58774340,"T","C",-0.076
15,64910298,"A","G",-0.0881
15,66188123,"T","C",-0.0726
15,74953764,"A","G",-0.0602
15,99727868,"A","G",-0.0332
16,17470961,"A","G",-0.0353
16,19771480,"A","C",-0.0469
16,24012706,"A","G",-0.0858
16,24864824,"A","G",-0.0336
16,29648905,"T","C",-0.0353
16,30787368,"A","G",-0.0364
16,55052476,"A","G",-0.0329
16,69929983,"A","G",0.137
16,71589072,"T","C",-0.0335
16,78723720,"T","C",0.0368
16,81805287,"T","C",0.1441
16,84090662,"T","C",-0.1506
17,1735297,"T","C",-0.0395
17,2813241,"T","G",-0.0365
17,4896995,"T","C",-0.0362
17,5238505,"A","G",-0.0419
17,5373316,"A","G",-0.1266
17,5663340,"A","G",0.1518
17,8445185,"A","G",0.0353
17,18231040,"T","C",-0.0366
17,32500670,"T","C",-0.0325
17,42627929,"A","ACTCT",-0.0334
17,44428767,"A","G",0.0755
17,44552369,"A","C",0.0375
17,44652906,"T","C",0.0321
17,50624733,"T","G",-0.1203
17,73804296,"T","G",0.0847
18,62484774,"A","G",-0.0354
18,62971658,"G","GGAAGCAGGCTCTCTCCA",-0.0614
18,75243147,"A","G",-0.0398
18,76706306,"A","G",-0.0753
19,1048840,"A","G",-0.1049
19,2341407,"A","G",0.1589
19,5828910,"A","G",0.0393
19,12998987,"T","C",-0.1214
19,29109161,"A","G",0.1754
19,32908438,"A","G",0.04
19,35068720,"T","C",-0.0743
19,43572453,"A","G",0.1155
19,43800036,"A","G",-0.0387
19,44537035,"T","C",0.1649
19,44560571,"A","G",-0.0678
19,44683601,"T","G",-0.1297
19,44741474,"A","G",-0.0921
19,44794812,"A","G",-0.0667
19,44874210,"A","G",-0.0469
19,44949588,"A","G",0.0491
19,45182350,"A","G",0.1112
19,45314859,"A","G",0.1027
19,45476177,"T","C",0.0352
19,45625194,"T","C",0.0439
19,46627310,"A","G",0.0386
19,47008261,"T","C",0.0384
19,51222568,"T","G",0.0386
20,5086486,"A","C",-0.0345
20,16674320,"A","G",0.0441
20,18348129,"A","G",0.0659
1,981169,"A","G",-0.0346
1,1096804,"A","G",-0.0333
1,6684649,"T","C",0.0319
1,8293430,"T","G",0.0313
1,8298486,"T","C",0.0758
1,11806987,"T","C",-0.0345
1,13533731,"T","C",0.0756
1,15340368,"A","G",-0.0644
1,17134619,"A","C",-0.073
1,18879526,"T","C",0.0335
1,20008136,"T","C",-0.034
1,20047146,"A","G",0.0325
1,20165336,"A","G",-0.0429
1,22167660,"T","C",0.036
1,27671762,"T","C",0.099
1,28258738,"T","C",-0.0291
1,28357410,"T","G",-0.034
1,28561987,"A","AC",0.0873
1,29099321,"A","G",0.028
1,30140611,"T","C",0.0694
1,31759658,"T","C",0.0597
1,34764378,"A","G",-0.0303
1,38601803,"A","G",0.0281
1,38847626,"T","C",0.0376
1,41344091,"A","G",-0.1267
1,41674955,"T","C",-0.1164
1,42809922,"A","G",0.0895
1,43494271,"A","G",-0.028
1,45416218,"T","G",0.0863
1,48137305,"A","G",0.0598
1,51059658,"T","C",-0.0447
1,64170465,"T","G",-0.0307
1,69659957,"T","TAAATTC",-0.0316
1,82667372,"G","GA",0.0282
1,83328959,"T","C",-0.1115
1,84351487,"A","G",0.0765
1,84356659,"A","G",0.0867
1,86534625,"A","C",0.0311
1,94926277,"A","G",-0.0728
1,98462864,"T","C",-0.0411
1,99227095,"G","GACAC",0.0763
1,106422541,"A","C",0.1396
1,109015363,"A","G",0.0943
1,109883341,"T","C",0.0306
1,111243922,"T","C",0.0332
1,111490893,"T","C",0.0299
1,112048093,"A","G",0.1358
1,114144694,"A","G",0.0298
1,114457438,"A","G",-0.0323
1,150860968,"A","AAAG",0.0628
1,153451755,"A","G",-0.0957
1,160261691,"A","G",-0.1162
1,161109241,"T","C",0.0789
1,162901192,"A","C",-0.0293
1,163251122,"A","G",-0.0329
1,165751106,"T","C",0.0675
1,166383197,"A","C",0.0301
1,168231495,"T","C",-0.03
1,175457666,"T","G",0.0439
1,175690829,"A","C",0.0694
1,176831170,"A","G",0.1043
1,177343768,"T","TTTAAAA",-0.0623
1,177448576,"T","C",-0.0272
1,180993864,"G","GT",0.0308
1,181771065,"T","C",-0.0416
1,190657510,"T","C",0.0279
1,194378665,"A","G",0.0535
1,196023585,"T","C",0.0859
1,200108049,"A","G",0.0751
1,202190234,"A","G",0.0374
1,203028245,"T","C",0.0369
1,205046156,"T","C",0.0323
1,205046890,"T","G",0.1096
1,205770072,"T","C",0.0543
1,207212235,"A","G",-0.0305
1,207425777,"T","C",-0.0281
1,207593440,"T","C",0.0986
1,207677910,"T","C",-0.0311
1,207763541,"T","C",-0.0285
1,209696111,"T","C",-0.0412
1,209941663,"A","G",0.0561
1,213338728,"A","G",0.055
1,213834723,"T","C",0.0705
1,215746915,"T","C",-0.0313
1,220794341,"A","G",0.029
1,221732711,"A","C",0.1536
1,224536234,"A","G",-0.0373
1,226381557,"G","GA",-0.0388
1,226859846,"T","C",0.0437
1,227356198,"T","C",0.0283
1,227398700,"A","G",0.0274
1,228312154,"A","AAG",0.1109
1,229655118,"T","C",-0.0636
1,230109453,"T","C",-0.0323
1,230604367,"T","C",-0.03
1,231350825,"CGTCA","C",-0.0297
1,231598049,"T","G",0.032
1,231688910,"A","C",-0.032
1,232142794,"A","G",0.0286
1,237425462,"T","C",-0.0487
1,239812164,"T","C",0.0704
1,240266994,"A","G",0.0341
1,241747293,"T","C",-0.0363
1,243768973,"T","C",0.0297
1,247454431,"A","G",0.051
2,17822,"A","G",-0.1109
2,833356,"CAA","C",0.068
2,1947564,"T","G",-0.066
2,2182150,"T","TG",0.0468
2,7266695,"T","G",0.0857
2,7974753,"A","G",0.1049
2,8562574,"A","G",0.0674
2,9320471,"A","G",-0.1108
2,11083224,"CAT","C",0.0504
2,11546746,"T","C",0.0284
2,12997311,"A","G",0.0354
2,18444918,"T","C",0.0473
2,19605773,"T","C",-0.0963
2,20852104,"A","G",0.0625
2,23109684,"A","G",-0.0299
2,23119269,"A","C",0.044
2,24402743,"A","G",0.1578
2,26280571,"A","G",-0.0586
2,26607797,"A","G",0.0344
2,27772914,"A","C",-0.0302
2,29091832,"A","G",0.0371
2,33563089,"T","C",-0.0319
2,34194468,"A","G",0.0347
2,36689922,"T","C",0.0305
2,37378605,"T","C",0.0401
2,40299536,"T","TAAG",-0.0311
2,46263191,"T","C",0.0391
2,47274686,"T","G",0.045
2,47395202,"T","C",-0.0661
2,47413626,"T","C",-0.1055
2,47539767,"T","C",-0.0878
2,49295688,"T","G",0.0307
2,55021829,"T","C",0.1346
2,57460967,"T","G",-0.0492
2,57481782,"A","G",0.03
2,60362810,"A","C",-0.0305
2,65381229,"A","G",0.0362
2,65776703,"A","C",0.0636
2,69117265,"T","C",0.0391
2,70665565,"T","C",0.0312
2,76766641,"A","G",-0.0844
2,79766997,"A","G",0.0404
2,80139233,"A","G",-0.0492
2,94793668,"A","G",-0.031
2,95317478,"A","G",0.0318
2,97113750,"G","GC",-0.0567
2,99497465,"A","G",0.0985
2,100432653,"T","G",0.0305
2,104763571,"A","C",-0.1361
2,105511459,"A","G",0.0476
2,105587784,"T","C",0.0341
2,105789496,"T","C",0.0315
2,105930218,"A","G",0.0496
2,106486230,"T","C",0.0307
2,106839215,"A","G",-0.1043
2,113135197,"A","G",-0.0313
2,116498576,"T","C",0.0455
2,116940520,"T","C",-0.0607
2,117860210,"A","G",-0.0663
2,124323289,"T","C",-0.03
2,127056381,"T","G",-0.0617
2,127088199,"A","G",-0.1056
2,127576895,"T","C",0.0412
2,127906287,"A","G",0.0726
2,128675286,"T","C",-0.0311
2,130991562,"T","C",0.0385
2,133506550,"T","C",-0.0544
2,134310182,"T","C",0.0318
2,137909838,"T","C",-0.0333
2,140633862,"A","G",0.0491
2,140849739,"A","G",0.0816
2,141758938,"A","G",-0.0301
2,147491572,"T","C",0.0473
2,152610088,"A","G",0.0421
2,153040496,"A","G",0.1349
2,154626425,"T","G",0.0299
2,155658349,"A","C",0.1239
2,157993080,"T","C",0.0978
2,159985603,"T","C",-0.1344
2,160210554,"T","G",0.0515
2,160437962,"T","TA",0.1121
2,161570339,"A","C",0.0459
2,163862874,"A","AAAT",-0.1108
2,168980197,"A","AT",0.0315
2,173942938,"A","G",-0.0524
2,174052801,"T","C",-0.0311
2,185612690,"A","AC",0.1102
2,189577720,"T","C",0.0306
2,191626706,"T","C",0.0318
2,191771437,"T","G",0.0294
2,201129817,"T","C",0.0382
2,201179327,"A","G",-0.0811
2,202096619,"T","G",-0.0394
2,208360150,"CA","C",0.156
2,209776576,"A","G",-0.0499
2,211352942,"T","C",0.1287
2,212917818,"A","G",0.0489
2,214102374,"T","TG",0.0386
2,214944182,"G","GT",-0.0355
2,217935670,"T","C",0.0738
2,218786117,"T","C",0.0587
2,220075087,"A","G",0.0615
2,222243335,"T","C",-0.0274
2,224036383,"A","G",-0.0296
2,224830843,"T","C",0.0331
2,233195383,"A","G",-0.0344
2,234515375,"A","G",-0.0521
2,237080739,"A","AT",0.1527
2,239119766,"T","C",-0.0879
2,239849788,"A","G",-0.0387
2,239888180,"T","C",0.029
2,240857488,"A","G",0.0295
3,427640,"A","G",0.1084
3,1021983,"T","C",0.0282
3,1404952,"T","C",0.0272
3,1485823,"T","G",-0.0339
3,1581841,"T","C",-0.0965
3,1946336,"T","C",0.0807
3,1956555,"T","C",0.1514
3,3214822,"T","C",0.0684
3,4437681,"A","G",-0.0281
3,4484728,"T","C",0.0989
3,5216286,"T","C",-0.0366
3,6880071,"T","C",0.0512
3,6891592,"T","C",0.0771
3,8282141,"T","C",-0.04
3,9354128,"A","AG",0.0365
3,9737709,"A","G",-0.1055
3,12153128,"T","C",-0.0445
3,17130346,"T","G",-0.1675
3,17149941,"A","C",0.0377
3,17223343,"A","G",0.0361
3,23632492,"A","G",0.0512
3,24882252,"A","G",-0.035
3,26792823,"A","AAGAC",0.0321
3,26925375,"A","G",0.08
3,37291406,"T","C",0.0278
3,37705826,"T","C",-0.044
3,40134021,"T","C",0.0949
3,44190541,"A","AG",0.0366
3,46600747,"T","C",-0.0314
3,47850693,"T","C",0.085
3,50418436,"T","C",0.0415
3,53267953,"A","G",-0.0286
3,56134220,"T","C",0.1126
3,57079049,"A","G",-0.0312
3,58182679,"A","G",0.0311
3,59996336,"T","C",0.0305
3,64831303,"A","G",0.0698
3,71763452,"T","C",0.0489
3,71802326,"T","C",-0.0311
3,73469143,"A","G",0.0759
3,76233468,"A","G",0.0618
3,76995417,"A","G",-0.0337
3,90482345,"A","C",-0.1047
3,106139483,"T","G",0.0301
3,107124601,"T","G",0.0986
3,107884915,"T","C",-0.034
3,117082945,"A","C",-0.0667
3,117189985,"T","G",0.0385
3,119272781,"T","C",0.0382
3,123383134,"T","C",0.0314
3,123398318,"T","C",0.0329
3,125318592,"A","C",-0.0676
3,126458319,"A","C",-0.0736
3,133122573,"T","C",-0.0278
3,134873598,"T","G",0.0314
3,135949543,"A","G",0.0846
3,136595475,"T","C",-0.0506
3,144687467,"A","G",-0.029
3,144920114,"A","C",0.1219
3,147310626,"T","C",-0.0289
3,147605243,"T","C",-0.1079
3,155180618,"T","C",-0.0293
3,155213211,"A","G",0.0706
3,169740802,"A","G",-0.0721
3,169908943,"A","AC",0.0296
3,175220493,"A","C",-0.0894
3,180084906,"A","C",0.0641
3,181449725,"T","C",0.0437
3,183506315,"A","G",-0.0409
3,184210959,"A","G",-0.0914
3,187505962,"A","G",-0.0332
3,191328956,"T","C",0.0606
3,195399620,"T","G",-0.0417
4,2346678,"A","G",-0.0377
4,3037153,"A","C",0.0786
4,3847662,"T","C",0.0851
4,4857299,"A","G",-0.0693
4,7346866,"T","C",-0.0323
4,11066872,"A","G",0.0343
4,11182173,"A","G",-0.0897
4,12100594,"A","G",0.0312
4,12315785,"A","G",-0.0286
4,14003854,"A","C",0.031
4,14358692,"T","C",0.0277
4,15460025,"T","C",0.0297
4,15932256,"A","G",0.0539
4,17916158,"A","C",-0.0357
4,18005328,"T","C",0.0408
4,25220428,"A","G",-0.0518
4,25816851,"T","C",0.0291
4,31567961,"A","G",-0.1058
4,36314933,"T","C",0.0806
4,37804194,"A","G",0.0349
4,38854932,"A","G",0.0832
4,40005664,"T","C",-0.0279
4,40198232,"A","G",-0.0355
4,40204752,"A","G",-0.0908
4,40361262,"T","C",0.0838
4,40949964,"A","G",0.0361
4,42713815,"A","G",0.0642
4,43206429,"T","TTTTATA",0.0679
4,47137027,"T","G",0.1128
4,55640502,"A","G",0.0534
4,55816544,"T","C",0.0304
4,60736723,"T","C",-0.0393
4,68025447,"A","G",0.0758
4,71742647,"T","C",0.0331
4,71841800,"A","G",0.0307
4,72758575,"T","C",-0.1106
4,76078869,"A","G",-0.0595
4,79020223,"A","G",-0.0491
4,81812174,"T","C",0.0337
4,82018530,"T","C",0.0387
4,85043788,"A","AAG",-0.1015
4,87865165,"A","G",-0.0304
4,88232468,"T","TTATC",-0.035
4,89792944,"A","G",0.0827
4,98153043,"T","C",-0.0525
4,98235038,"A","C",-0.0546
4,99798569,"A","G",-0.0937
4,100990512,"A","G",-0.0509
4,108994632,"A","G",-0.0452
4,109066717,"T","C",-0.0371
4,109235721,"T","C",0.039
4,110302208,"A","G",-0.1636
4,116502708,"T","TG",-0.0667
4,119090387,"A","G",-0.0298
4,123932811,"T","C",-0.1186
4,124588152,"A","G",-0.032
4,126676653,"A","AC",0.0275
4,136150579,"G","GT",0.0718
4,139760242,"T","C",0.0329
4,143165266,"T","G",0.041
4,143429189,"A","G",-0.1225
4,154748429,"T","G",0.0308
4,159802678,"T","C",-0.0986
4,160901424,"T","TCAAA",-0.0346
4,165578474,"T","C",0.0574
4,166541584,"T","C",0.1078
4,167769866,"T","G",0.0589
4,168673207,"A","G",0.053
4,171733081,"A","G",-0.0432
4,176397115,"A","G",0.0587
4,177006223,"T","C",0.0977
4,177295058,"T","G",-0.081
4,177544399,"G","GT",-0.0299
4,179571982,"A","G",0.0799
4,180161690,"T","G",0.1077
4,181778230,"CA","C",0.0769
4,183677201,"A","G",0.1235
4,184070032,"A","C",-0.0302
4,186017038,"A","G",0.0881
4,188075123,"T","TTTC",-0.1107
4,188105706,"T","C",-0.0315
4,188671621,"T","C",-0.0325
4,189843372,"T","G",0.0311
5,1238928,"T","C",-0.0308
5,5878149,"A","G",0.0777
5,5899734,"T","C",-0.0339
5,9543473,"T","C",0.0389
5,11087210,"T","C",0.0299
5,16579402,"A","G",-0.0457
5,23437709,"A","G",-0.0521
5,26116169,"T","C",-0.0531
5,29752861,"A","C",0.0389
5,29786744,"T","C",0.0923
5,30924928,"A","C",0.0387
5,31756106,"A","G",0.0613
5,32926786,"A","G",0.0299
5,34740121,"T","C",-0.0389
5,34871827,"A","G",0.0294
5,43142452,"T","C",0.1115
5,52814387,"T","C",-0.0502
5,54095373,"A","G",-0.0443
5,55959737,"A","G",0.0432
5,56686883,"A","C",-0.0735
5,56786105,"A","C",0.0357
5,59069036,"A","G",-0.0301
5,59408437,"A","G",-0.028
5,59455167,"T","C",0.1428
5,60034740,"A","G",0.0984
5,63785946,"A","G",-0.1224
5,71826797,"A","C",0.0313
5,76661481,"A","G",-0.0326
5,78787375,"T","TG",-0.0464
5,79493553,"A","AAC",0.0707
5,81892883,"T","TA",-0.1078
5,87530816,"T","C",0.0673
5,93213449,"T","C",0.0292
5,94838727,"T","C",-0.0401
5,96134148,"T","C",-0.0333
5,101588357,"A","G",0.0312
5,103916839,"T","C",-0.1064
5,105525799,"A","G",0.1021
5,105538581,"A","G",-0.0436
5,105706362,"A","G",-0.03
5,116244457,"T","C",0.1193
5,117594278,"T","G",-0.059
5,124121607,"A","C",0.0446
5,124781336,"A","G",-0.0307
5,127100596,"A","G",-0.0471
5,128362523,"A","C",-0.0334
5,128457419,"T","C",-0.0354
5,130344931,"T","G",0.0386
5,131025091,"T","C",0.0342
5,133108436,"A","G",0.0501
5,138408111,"T","C",-0.1101
5,138646862,"A","G",0.041
5,141160217,"T","TCTGA",0.0584
5,141584334,"T","TAAGTA",0.04
5,141820697,"A","G",0.0327
5,142072843,"T","C",-0.0282
5,143207966,"T","C",-0.0301
5,147675616,"T","C",-0.0325
5,154457922,"A","G",-0.0502
5,154481487,"T","C",-0.0302
5,156284774,"T","G",0.0899
5,156965211,"A","G",0.0673
5,156991779,"A","G",-0.0418
5,158754728,"A","G",0.1238
5,159709341,"A","G",0.0548
5,160777877,"A","G",0.0356
5,161067752,"A","C",-0.0281
5,162870890,"A","G",0.0289
5,164423389,"A","G",0.041
5,165526550,"T","G",-0.0596
5,165872242,"A","C",0.0553
5,165904665,"A","G",0.0829
5,169276511,"T","C",-0.0608
5,170027827,"A","G",0.0285
5,170208613,"T","C",0.1825
5,170629429,"T","C",-0.0911
5,172729059,"A","G",-0.031
5,178272826,"A","G",-0.1063
5,179759317,"T","C",-0.0291
5,179929788,"A","AC",0.1007
5,180388641,"T","C",-0.0422
6,709765,"A","G",-0.0411
6,5498612,"A","AT",-0.1331
6,7054288,"A","C",-0.048
6,10185180,"A","G",-0.0306
6,17105503,"A","G",0.0732
6,18708531,"T","C",0.0318
6,19150263,"T","G",0.0928
6,26102480,"A","G",0.027
6,28211745,"A","C",0.0706
6,29016978,"T","G",-0.0321
6,29834956,"A","AC",-0.0382
6,30062912,"A","C",-0.0586
6,30388647,"A","AC",0.0335
6,30405266,"A","G",-0.0343
6,30700268,"A","AAAAC",0.1445
6,31001527,"A","C",0.0343
6,31167111,"T","C",0.0322
6,31208558,"T","C",-0.0291
6,31264170,"A","G",-0.0317
6,31284147,"T","C",0.0559
6,31348936,"A","G",-0.0269
6,31362057,"T","C",0.0492
6,31385103,"T","C",-0.0455
6,31504943,"T","G",-0.0358
6,31731796,"A","G",0.0872
6,31873232,"A","G",0.042
6,32223562,"T","C",0.0496
6,32355752,"A","G",0.0298
6,32471300,"T","C",0.0308
6,32658428,"T","C",0.0719
6,32715085,"T","C",-0.0377
6,32836793,"A","G",-0.0302
6,32870762,"A","G",-0.0597
6,33009643,"T","G",-0.0329
6,33020563,"T","C",0.0401
6,33202062,"A","C",0.0476
6,34190678,"A","G",0.1216
6,36608637,"T","C",0.132
6,40855500,"T","C",0.0596
6,40989871,"A","G",0.0299
6,41288138,"A","G",0.0508
6,44557980,"T","C",0.0553
6,45659118,"A","G",-0.0407
6,51009614,"T","C",0.0646
6,51634062,"T","TA",0.1176
6,52644550,"T","C",-0.027
6,57039819,"T","G",0.0301
6,62899114,"T","C",0.0731
6,64557739,"A","G",-0.0903
6,68017317,"T","C",0.059
6,70182479,"A","G",0.0273
6,70542739,"T","C",-0.0784
6,71758446,"A","G",-0.0405
6,72361620,"T","G",-0.034
6,74364711,"T","C",-0.0418
6,76844147,"T","C",0.0494
6,83992044,"T","C",0.0301
6,85332715,"T","C",0.0303
6,94509448,"A","G",0.0366
6,95410366,"A","C",0.0311
6,100693101,"T","C",-0.0269
6,106309157,"T","C",-0.0558
6,108867952,"A","C",0.095
6,110286209,"T","G",0.0562
6,114422227,"A","G",-0.0408
6,117837381,"T","C",-0.0817
6,118183360,"A","G",0.1249
6,123967493,"A","G",-0.0782
6,125841136,"T","C",0.0302
6,126796184,"T","C",-0.1011
6,127153155,"A","G",0.0525
6,127578217,"A","G",0.1125
6,128419242,"A","C",0.0325
6,128529071,"T","C",0.0408
6,128617696,"T","G",0.1169
6,129472452,"T","C",0.0589
6,132576061,"T","C",0.0306
6,133315673,"A","G",-0.0296
6,138812659,"T","G",-0.0425
6,138910395,"A","C",0.0608
6,139001421,"G","GT",0.0356
6,144834300,"T","C",0.0525
6,149852823,"A","ACT",-0.0306
6,150235380,"A","G",-0.0759
6,156093695,"A","G",0.0968
6,157622873,"CT","C",-0.0297
6,160584578,"T","C",-0.0556
6,160932910,"T","C",0.1554
6,163458133,"A","AG",0.0753
6,165327208,"A","G",0.0892
6,166897163,"A","G",0.1011
6,166898021,"T","C",0.0908
6,168692286,"A","G",0.1081
6,169199871,"A","G",0.0282
7,925955,"A","G",-0.0318
7,1281222,"A","G",-0.1245
7,2512229,"A","G",0.0297
7,2717251,"A","G",-0.0319
7,3056602,"A","G",0.0312
7,4305600,"T","C",-0.0486
7,5229793,"A","C",-0.0427
7,5597536,"A","G",0.06
7,6024376,"T","TAGA",-0.0369
7,6070429,"A","G",0.0356
7,6395481,"A","G",0.0273
7,8015622,"T","C",-0.0643
7,8566147,"T","C",0.0511
7,10167096,"A","G",0.0638
7,11607855,"T","C",-0.0322
7,12096351,"A","ACAC",-0.042
7,12169892,"G","GT",-0.054
7,13657218,"A","C",-0.0372
7,13893166,"A","C",0.122
7,16845641,"T","C",0.0983
7,18023132,"T","G",-0.0291
7,20043910,"T","C",0.0626
7,21066665,"T","C",0.0283
7,21540981,"A","G",-0.0275
7,24301925,"A","C",-0.0307
7,27353899,"A","G",-0.0276
7,27410467,"A","G",-0.1467
7,28784494,"A","AT",0.037
7,29005045,"T","C",0.1311
7,29789948,"A","G",-0.0303
7,30672979,"A","G",0.0316
7,30752440,"G","GC",0.0282
7,32678729,"T","C",-0.0313
7,33018857,"T","C",0.0369
7,36941738,"A","G",0.0351
7,37645874,"T","C",0.0324
7,37751995,"A","G",-0.0459
7,38010081,"T","C",-0.0322
7,38545065,"A","G",-0.0337
7,38847424,"A","G",0.032
7,39064349,"T","C",0.0356
7,39397149,"A","G",-0.0848
7,39929600,"A","G",0.0332
7,42360813,"T","C",-0.1018
7,44936134,"A","G",0.0679
7,45084409,"T","C",0.033
7,46814316,"A","G",-0.0335
7,49026031,"T","TATAAGA",0.0673
7,50243510,"T","C",-0.0628
7,50278712,"T","G",0.0341
7,50494421,"A","G",-0.0332
7,51009338,"A","C",0.0794
7,51481039,"A","G",-0.0348
7,53048040,"A","G",0.0599
7,53983769,"A","G",-0.0312
7,54463267,"A","G",0.0989
7,55078778,"T","C",0.0395
7,55209694,"T","C",-0.0312
7,55375383,"A","G",0.0422
7,55917082,"T","C",-0.0346
7,68358531,"T","C",0.0604
7,77518106,"T","C",-0.0817
7,87315671,"A","AGGCT",-0.0745
7,88366853,"T","C",0.1055
7,95004614,"T","C",-0.0415
7,95766787,"A","G",-0.0722
7,96784423,"A","G",-0.0341
7,96882928,"A","G",0.0277
7,99232043,"A","G",0.031
7,99488256,"A","G",-0.0406
7,99950946,"A","G",0.0291
7,99989892,"T","C",0.0537
7,100452620,"T","C",-0.1172
7,101029289,"A","G",0.0809
7,104008108,"T","C",0.1383
7,104294745,"A","C",0.0476
7,106082065,"G","GCTTAAGT",-0.0345
7,111869307,"A","C",0.1095
7,112870082,"T","G",0.0391
7,117753764,"T","TG",-0.0353
7,123415501,"A","G",-0.033
7,125580965,"T","C",0.1378
7,127050597,"A","G",-0.0744
7,128937250,"T","G",0.0306
7,129547485,"T","C",0.1048
7,131182447,"T","C",-0.0298
7,131297247,"A","G",0.063
7,131663202,"T","C",-0.05
7,132102749,"A","G",0.0431
7,132183323,"T","C",-0.0284
7,132207981,"A","C",0.0339
7,132499072,"T","C",0.0761
7,133053339,"A","G",0.07
7,135561271,"A","G",-0.0274
7,138123239,"CA","C",-0.1
7,138238646,"T","C",-0.0707
7,139046597,"A","G",0.1017
7,139962787,"T","C",0.0411
7,139982613,"T","G",0.0397
7,143450225,"T","C",0.0345
7,148107001,"T","C",0.0716
7,149786960,"A","C",-0.0795
7,153689220,"A","G",0.0619
7,156276205,"T","C",-0.0334
8,1267930,"A","C",0.073
8,1270581,"T","C",0.0367
8,2108630,"T","C",0.0675
8,2494996,"T","C",0.1351
8,3710549,"T","G",0.0828
8,4347733,"A","G",0.08
8,4464764,"A","G",0.0478
8,6294018,"T","C",0.0706
8,8365847,"A","G",0.0768
8,8433788,"T","C",-0.0297
8,10214110,"A","G",-0.03
8,10386293,"A","G",-0.0288
8,10755161,"T","C",-0.0795
8,11566576,"T","G",-0.0402
8,14567201,"A","G",-0.0457
8,17677246,"A","G",-0.0833
8,19894696,"A","G",0.027
8,20391419,"T","C",0.0864
8,21191043,"A","G",-0.0653
8,22033551,"T","TGCAGACCATAGCAAC",-0.0637
8,22034752,"T","C",-0.033
8,26079358,"A","G",-0.0599
8,26088686,"T","G",0.048
8,26218446,"T","C",-0.1204
8,26408736,"A","G",0.1064
8,27169280,"A","G",0.0933
8,27230985,"T","C",0.0578
8,27363311,"A","G",-0.0662
8,27559507,"A","G",-0.0388
8,27650504,"A","G",-0.0527
8,27723839,"A","G",-0.053
8,27762588,"A","G",0.0927
8,27842528,"A","C",-0.028
8,27907059,"A","G",-0.0544
8,27957964,"T","C",-0.0886
8,27959967,"T","C",0.0334
8,29705024,"CT","C",0.0304
8,31350582,"T","C",0.0454
8,32371835,"T","G",0.03
8,32796772,"T","TAAG",0.0884
8,40448823,"T","C",-0.0296
8,42669927,"A","G",-0.0705
8,51360618,"T","C",-0.033
8,51674699,"T","C",0.1415
8,55301445,"A","G",-0.0353
8,56866584,"T","C",-0.0916
8,59134921,"A","G",-0.0358
8,61121725,"A","C",-0.039
8,62275831,"A","G",-0.0745
8,63057197,"A","G",0.0923
8,65492585,"A","G",0.062
8,68519476,"A","G",-0.0424
8,70513391,"T","G",0.1107
8,70602068,"A","G",0.0364
8,73438405,"A","G",-0.0333
8,74348225,"G","GA",0.0276
8,74627670,"A","G",0.038
8,76594270,"G","GA",0.1127
8,77637764,"T","C",-0.0483
8,86656729,"A","C",0.0457
8,89137056,"A","G",0.1131
8,94374217,"T","G",0.0604
8,94684965,"T","C",0.0951
8,94983090,"T","G",-0.0639
8,94990015,"T","C",-0.0708
8,95110113,"T","C",-0.0289
8,95225368,"T","G",-0.0279
8,97074664,"A","G",-0.0886
8,100739927,"T","C",0.032
8,100818523,"T","C",0.0632
8,101583170,"T","C",-0.0463
8,102563721,"T","G",0.0319
8,104112277,"A","C",0.0669
8,105940103,"T","C",0.0468
8,106780230,"A","G",0.0402
8,111475126,"T","C",-0.0343
8,117728157,"A","G",0.033
8,118552709,"A","G",0.0372
8,119931602,"A","G",-0.06
8,124568925,"A","G",0.0365
8,125998120,"T","G",-0.0735
8,128426805,"T","G",0.0586
8,129926643,"A","G",0.0612
8,132422397,"T","C",-0.0324
8,133061570,"A","G",0.0584
8,135200007,"T","TTC",-0.035
8,135363901,"T","G",-0.094
8,137095629,"A","G",-0.0765
8,138098052,"T","C",-0.0538
8,138260056,"T","C",-0.0325
8,138299243,"T","TACA",-0.1439
8,139620492,"A","C",-0.0514
8,141188497,"T","G",0.0307
8,142348842,"A","G",-0.0907
8,143330958,"A","G",-0.0531
8,143994763,"T","G",-0.0444
8,143997574,"T","TC",0.032
8,144112952,"A","G",-0.0513
9,1174357,"T","C",0.0298
9,2165758,"T","C",0.0296
9,2613887,"T","C",0.1002
9,3575331,"T","G",0.0474
9,7412926,"A","G",0.0324
9,7572713,"A","G",0.0301
9,8435026,"A","G",0.0304
9,9400177,"A","C",0.0293
9,10058305,"T","C",0.0682
9,10540608,"A","G",0.0846
9,10606468,"T","C",0.0411
9,12448210,"A","C",0.0835
9,18389482,"A","G",-0.0366
9,18607595,"A","G",0.1235
9,20333295,"T","C",-0.0895
9,20721491,"T","C",0.0734
9,21072475,"A","G",-0.03
9,22142957,"A","C",-0.0309
9,26584038,"CT","C",-0.0617
9,36904772,"A","G",0.0284
9,76276065,"A","G",0.0938
9,77235923,"A","G",0.0969
9,78938700,"A","G",0.0667
9,79324457,"T","G",0.0336
9,89424546,"CT","C",-0.0779
9,90778063,"T","C",0.0355
9,90957564,"T","G",0.0274
9,93012725,"T","G",-0.0333
9,93078806,"T","C",0.0418
9,93160809,"T","C",-0.0503
9,95075801,"T","C",0.0655
9,101438485,"A","G",-0.1426
9,101822182,"T","C",-0.0278
9,104802289,"CAG","C",0.0357
9,104833697,"A","C",-0.046
9,104931964,"A","G",0.0309
9,104997946,"T","G",-0.0327
9,108807458,"A","G",0.1135
9,112692224,"A","C",-0.0371
9,114632923,"A","G",0.0527
9,115128288,"A","G",0.0324
9,116637040,"A","G",-0.0308
9,126053171,"T","C",-0.0311
9,126096318,"T","C",-0.0392
9,129069411,"T","C",0.0535
9,129143575,"A","G",-0.0544
9,129836580,"A","G",0.1272
9,130282175,"T","C",0.0848
9,131353084,"A","C",0.0296
9,133319751,"T","C",-0.035
9,134270599,"T","C",0.0284
9,136006217,"T","C",0.0658
10,4847333,"T","C",0.062
10,6176920,"A","G",-0.0338
10,6400186,"T","C",-0.0937
10,6485181,"A","G",0.0305
10,8337637,"T","C",-0.0274
10,8806419,"A","G",0.1084
10,11101804,"T","C",0.043
10,16095101,"A","G",0.0332
10,17395674,"A","G",0.0296
10,18537506,"A","G",-0.0859
10,20634336,"T","C",0.0311
10,20775959,"T","C",-0.0285
10,22501955,"A","C",0.0535
10,22588994,"T","G",-0.0584
10,23365253,"A","G",-0.0362
10,25707866,"A","G",0.0459
10,31708472,"T","G",0.0436
10,31983278,"A","ATTACCTATAGGT",-0.1066
10,33131479,"G","GC",-0.0447
10,35035386,"A","G",0.0675
10,36300172,"T","C",-0.0754
10,49275480,"A","G",-0.0506
10,52216281,"T","C",0.1179
10,53830042,"A","G",-0.0304
10,54045457,"A","C",0.0299
10,55246719,"CA","C",-0.0527
10,58082847,"A","G",-0.0401
10,59895962,"T","G",-0.0641
10,59924032,"T","C",0.0577
10,60250765,"A","G",-0.0312
10,60799475,"T","G",-0.1171
10,63100878,"A","G",-0.102
10,63311455,"A","C",-0.0312
10,70315568,"T","C",0.1151
10,74818451,"A","G",0.0707
10,78731004,"T","C",0.0351
10,79421011,"T","C",0.0279
10,80480543,"A","G",0.0313
10,80575999,"T","C",-0.0488
10,80579955,"A","G",0.0319
10,82925488,"A","G",0.0382
10,83179219,"A","G",0.0406
10,83185080,"T","C",-0.0294
10,84839937,"T","C",0.0276
10,86653675,"A","C",-0.0298
10,87085433,"T","C",-0.0407
10,88856508,"A","G",-0.1301
10,88889622,"A","G",-0.1258
10,88974004,"T","G",0.0395
10,91900641,"A","C",-0.0397
10,92481760,"T","G",-0.0482
10,94142296,"A","C",0.0409
10,95649234,"A","AGTTGGG",-0.0407
10,96358491,"A","G",-0.0356
10,96410837,"T","C",-0.0519
10,97456675,"T","C",-0.0335
10,97498268,"A","C",-0.1131
10,100833218,"T","C",0.0325
10,103383681,"T","C",-0.0786
10,106101472,"T","C",-0.0536
10,108463498,"A","G",-0.033
10,112834072,"T","G",0.051
10,113937419,"A","G",0.0308
10,114954306,"A","G",0.1451
10,115382864,"A","G",0.0324
10,119222844,"T","C",0.031
10,119443303,"T","C",0.1314
10,120190487,"A","G",0.1126
10,122735425,"A","AT",0.0532
10,124695288,"T","C",0.0353
10,124986120,"A","C",-0.0356
10,127601242,"A","C",-0.0317
10,127842129,"T","C",0.1045
10,131172613,"T","C",0.0427
10,132135185,"T","C",0.0281
11,1199697,"T","C",0.056
11,6371565,"CTCTT","C",0.0346
11,8318306,"A","G",-0.0306
11,9448316,"T","G",-0.0286
11,10700074,"T","C",-0.0321
11,15596495,"A","G",0.0572
11,19965124,"T","C",-0.0275
11,20329891,"A","AG",-0.0541
11,20861318,"A","G",-0.046
11,23655226,"T","C",-0.0355
11,26345481,"A","G",0.0325
11,31561436,"A","ATTATTTT",0.0419
11,32439327,"T","C",-0.0373
11,33024532,"A","ATAGAG",0.0295
11,36297409,"T","C",0.0306
11,39925050,"T","C",-0.0413
11,43544225,"T","C",0.0461
11,45220407,"A","G",0.0415
11,46453413,"A","G",-0.0648
11,47498242,"A","ACAAAAAGTT",-0.0414
11,47820165,"A","G",0.0817
11,49239934,"A","C",0.0462
11,50468078,"T","C",0.048
11,55764961,"A","G",-0.0315
11,56776055,"T","C",0.1109
11,59097725,"A","G",0.0855
11,59952943,"A","G",0.0669
11,60324873,"T","C",0.0623
11,61920202,"A","G",-0.0292
11,63196033,"A","C",-0.0598
11,63666543,"T","C",0.0714
11,64279169,"T","C",-0.0272
11,65471984,"A","C",0.0919
11,70933938,"A","C",0.0344
11,71188997,"A","G",-0.1034
11,78392856,"A","C",-0.0373
11,78798537,"A","C",0.0402
11,79994227,"T","G",-0.0277
11,85977850,"T","C",-0.07
11,85993549,"A","G",0.0671
11,86053454,"T","C",0.085
11,86258163,"T","TA",-0.0306
11,86761259,"A","G",0.0412
11,88032757,"A","G",0.0785
11,88106633,"A","G",0.048
11,88373962,"A","G",-0.0466
11,94766418,"A","G",0.1161
11,98706455,"A","G",-0.0402
11,100000055,"T","C",0.067
11,100298447,"T","C",-0.0437
11,101584242,"A","G",-0.0806
11,101871567,"A","G",-0.0442
11,104042295,"T","G",0.0948
11,104874603,"T","C",0.0363
11,106799934,"T","C",0.1431
11,106938186,"T","C",-0.044
11,107592152,"A","C",0.0291
11,109163483,"A","G",-0.1483
11,110948162,"A","G",-0.0751
11,112987828,"CT","C",-0.0422
11,114019943,"A","ATTT",-0.0356
11,114598243,"A","G",0.0296
11,115139996,"A","G",-0.1005
11,116375797,"T","C",-0.0575
11,117929318,"A","G",-0.0621
11,118713787,"A","C",-0.0818
11,118855938,"T","C",0.029
11,121109828,"T","C",0.0306
11,122246315,"A","C",0.1051
11,122865286,"T","C",0.0963
11,122991118,"A","G",-0.0298
11,126186619,"A","G",-0.0284
11,126423668,"T","C",-0.0626
11,127347953,"T","C",0.0802
11,128401837,"T","C",0.0465
11,129976395,"T","C",-0.0567
11,130401752,"A","G",0.0333
11,131912364,"A","G",0.0568
11,132038679,"T","C",-0.0527
12,336220,"A","G",0.0277
12,754667,"A","G",-0.0329
12,900806,"A","G",-0.0897
12,6601981,"A","C",-0.0276
12,10225706,"T","C",-0.1602
12,17385880,"T","G",0.0278
12,18162304,"A","G",0.058
12,18734414,"A","C",-0.0312
12,19975758,"A","G",-0.0774
12,20699612,"T","C",-0.0606
12,21219848,"A","G",-0.0667
12,21785223,"G","GCTGGAGAAA",0.1052
12,23724834,"A","C",-0.0503
12,23768116,"A","G",-0.0479
12,24491762,"A","G",-0.0894
12,24971189,"A","G",0.0999
12,28427990,"T","C",-0.0812
12,31766499,"A","G",0.0401
12,32740781,"T","G",0.0393
12,32922361,"T","G",-0.0321
12,41733186,"A","G",0.0347
12,46927632,"T","G",-0.0422
12,47767094,"T","G",-0.035
12,51400590,"A","ACC",-0.0356
12,51872443,"T","C",0.1104
12,52626470,"T","TC",0.0489
12,54236312,"G","GTTAT",0.0667
12,55252422,"T","G",0.1237
12,56527520,"A","G",0.0383
12,57384438,"T","C",-0.0784
12,59569655,"T","C",0.1541
12,59925676,"T","C",0.1093
12,61189494,"A","C",0.0406
12,61358209,"T","C",0.1106
12,68416230,"T","C",-0.0354
12,68574656,"A","G",-0.0312
12,69138834,"A","G",-0.0487
12,70693788,"A","G",0.0783
12,74185210,"G","GA",-0.0681
12,75127679,"A","G",-0.0287
12,76305346,"T","C",0.0446
12,77275616,"A","G",0.0559
12,78188786,"A","G",0.0966
12,80714579,"T","C",-0.1573
12,89738370,"A","G",-0.0401
12,91282707,"A","G",0.0731
12,91372639,"A","G",-0.0742
12,92048103,"T","C",-0.0874
12,94251479,"A","G",0.031
12,94547023,"G","GCTCTGGAT",0.0341
12,96446215,"A","G",-0.1119
12,97182738,"A","G",-0.0295
12,106668551,"T","C",0.0313
12,109809619,"A","G",-0.0328
12,113081950,"A","G",-0.0597
12,114630292,"A","G",0.0393
12,116645380,"T","C",0.0277
12,117958768,"T","C",-0.0606
12,118484806,"A","G",0.0293
12,118567782,"T","C",-0.0304
12,121477671,"A","G",-0.0542
12,122355625,"T","C",-0.0342
12,124051265,"T","C",-0.0316
12,124230618,"T","C",-0.0428
12,124390277,"T","C",-0.0496
12,124831038,"T","C",0.028
12,124844280,"T","C",-0.0628
12,124887427,"A","C",-0.0393
12,127255770,"T","C",-0.0299
12,128528033,"T","C",0.0807
12,128570939,"T","C",0.0462
12,130031276,"T","C",0.0387
13,19929646,"T","TA",-0.0293
13,23104266,"T","G",-0.1051
13,23811485,"T","C",-0.0408
13,23901934,"A","G",0.0318
13,27769867,"A","G",0.1063
13,29246214,"A","G",0.0767
13,30289098,"T","C",-0.0328
13,31454076,"T","C",0.0793
13,39329140,"T","C",-0.0899
13,44336038,"A","G",-0.0684
13,48681836,"T","C",-0.0692
13,48946834,"A","G",0.0319
13,49489665,"T","C",0.0391
13,49500620,"A","C",0.0282
13,49808627,"A","G",0.0618
13,50617429,"T","C",0.0788
13,50851676,"T","G",-0.0682
13,51276059,"A","G",0.0343
13,52096986,"A","G",-0.0838
13,56701970,"A","AC",-0.1238
13,63876445,"A","G",0.1067
13,67726390,"CTGG","C",0.0422
13,68206078,"A","G",-0.0821
13,72201866,"A","C",0.1338
13,72742520,"A","C",0.126
13,73639877,"T","C",0.0689
13,74348479,"A","C",-0.0494
13,74401528,"T","C",0.0922
13,77386967,"A","G",-0.0922
13,86391761,"T","C",-0.0346
13,91393325,"T","C",0.0327
13,91611775,"A","G",-0.0307
13,93653610,"A","G",0.0381
13,94515441,"A","C",-0.1312
13,94631991,"T","C",-0.0301
13,96759309,"T","C",0.094
13,99938980,"T","G",0.0297
13,101414357,"A","G",0.1094
13,101442133,"A","G",0.0352
13,101473036,"A","G",0.0311
13,101653802,"T","C",0.0569
13,104266840,"A","G",0.0976
13,104960923,"A","G",0.0605
13,105683889,"A","AT",-0.0665
13,105958325,"A","G",0.0342
13,108279769,"T","G",0.0858
13,108499324,"A","G",0.0687
13,110272709,"A","C",0.0349
13,110687995,"A","G",0.0305
13,111583503,"T","TAAG",-0.0287
13,113020378,"A","G",0.0414
13,113021944,"A","G",-0.0361
14,20428365,"A","G",-0.032
14,23951943,"T","C",0.066
14,29644426,"T","G",0.0666
14,29938449,"T","C",0.0577
14,32685443,"A","C",-0.0793
14,32883702,"G","GA",-0.0804
14,32916052,"T","TA",0.0297
14,39576846,"A","G",-0.0727
14,49768088,"T","C",-0.0826
14,50629966,"T","TTTTTC",0.0858
14,50898921,"A","G",0.1094
14,52211456,"A","G",0.1172
14,52398402,"A","AC",0.0381
14,55186220,"A","G",0.0521
14,61329540,"T","C",-0.0614
14,61436821,"T","C",0.0367
14,62729342,"T","G",-0.0289
14,66280177,"T","C",-0.0992
14,68689079,"A","G",-0.036
14,69318982,"T","C",-0.0406
14,69949634,"A","G",0.1393
14,70031690,"T","C",0.1091
14,71206349,"T","C",-0.0312
14,73058968,"T","C",0.0916
14,81260398,"T","G",-0.1006
14,81549225,"A","G",0.1475
14,84071158,"T","C",-0.0429
14,90328175,"T","C",0.111
14,91320097,"A","G",-0.0814
14,92558655,"A","G",-0.0457
14,92634336,"T","TC",0.0341
14,92642066,"T","C",-0.0522
14,94703381,"T","C",0.0419
14,95825241,"T","C",-0.0517
14,96314917,"T","C",-0.0332
14,96922832,"A","G",-0.0554
14,99328396,"A","G",0.0321
14,99984836,"A","G",0.0509
14,101330790,"A","G",-0.034
14,102339015,"T","C",-0.0941
14,102777952,"A","G",0.0314
14,103642790,"T","C",0.0358
14,105091165,"A","C",0.0813
15,25833829,"A","G",0.1135
15,27009213,"T","C",0.0474
15,27777604,"A","C",-0.031
15,36198613,"A","G",0.0734
15,36744085,"A","C",0.0955
15,36880207,"A","C",0.0314
15,36885486,"A","G",-0.0399
15,37291242,"A","G",-0.0305
15,39865930,"A","G",0.0313
15,41194081,"A","G",-0.0327
15,45766290,"A","G",0.0407
15,49921732,"A","G",0.0295
15,50176635,"T","G",-0.1148
15,50503398,"T","G",0.04
15,52411750,"T","C",-0.03
15,53484623,"G","GAAAAAAAAAAAGAGT",-0.0416
15,53494002,"G","GT",0.0306
15,57682833,"T","C",0.0427
15,58186909,"A","C",-0.0716
15,58393707,"T","G",-0.087
15,58732021,"A","C",0.0548
15,62933063,"T","C",-0.1547
15,63105186,"T","C",-0.0344
15,63138257,"T","C",-0.0314
15,63185222,"A","G",-0.0815
15,63346279,"A","G",-0.0523
15,63472582,"A","G",-0.0306
15,63940114,"A","G",-0.074
15,64083467,"A","G",-0.0458
15,64136360,"A","G",0.1
15,64883993,"T","G",0.0401
15,66345659,"T","C",-0.0334
15,66586624,"T","C",0.0292
15,71573105,"T","C",-0.0369
15,78944982,"A","C",0.0295
15,90223369,"T","C",-0.0297
15,90963222,"T","C",-0.031
15,94275694,"A","G",0.0381
15,94361293,"T","C",0.0337
15,95759558,"A","G",-0.0334
15,96994224,"A","G",0.0788
15,97295496,"T","C",-0.0702
15,97354453,"A","G",0.0942
15,97880489,"T","C",0.0888
15,99858273,"A","C",-0.0344
15,100881468,"A","G",-0.0376
15,101073240,"T","C",0.1015
16,314128,"T","C",-0.0329
16,520454,"T","C",0.0311
16,3963466,"T","C",-0.0285
16,4170302,"T","C",0.0311
16,4187141,"T","C",0.0349
16,4623189,"A","G",0.0638
16,5236718,"A","G",-0.0331
16,5423686,"T","C",-0.0282
16,5493529,"A","G",-0.1126
16,5548817,"A","G",0.0309
16,6437548,"T","C",-0.0293
16,8346187,"T","G",0.0452
16,10965980,"A","G",0.0292
16,10990846,"A","G",-0.0332
16,11408685,"A","ACTC",0.0789
16,12683937,"A","G",-0.1102
16,14217930,"A","G",-0.0365
16,14456058,"T","C",0.0327
16,15626708,"A","G",0.0601
16,19884577,"T","C",-0.0302
16,20049934,"T","TA",-0.0454
16,24651032,"T","C",0.064
16,25946852,"A","G",-0.0406
16,27120668,"T","C",-0.0295
16,30107392,"G","GCCA",0.0428
16,30733505,"T","C",0.0416
16,31486700,"A","G",-0.0375
16,49605094,"T","C",-0.0362
16,49656020,"A","C",0.1028
16,50816936,"T","C",-0.082
16,51107781,"A","G",0.1574
16,51460278,"A","G",-0.0529
16,54066606,"A","G",0.028
16,57072984,"T","C",-0.0278
16,57959937,"T","C",-0.1072
16,60287982,"T","C",0.072
16,65729551,"T","C",-0.031
16,71200510,"T","C",0.0341
16,72107038,"A","G",0.0474
16,72590311,"T","G",-0.057
16,72751404,"T","C",-0.034
16,73437851,"T","C",0.0469
16,74600411,"A","G",0.0299
16,75180214,"A","C",0.0638
16,76161870,"A","C",-0.1308
16,80519846,"T","C",0.092
16,81586398,"T","C",0.0563
16,81798750,"A","G",0.1269
16,81806128,"G","GT",-0.0391
16,81889208,"T","C",-0.0609
16,81927735,"T","G",0.0325
16,81937333,"T","C",-0.0292
16,81940657,"A","C",-0.061
16,83369338,"A","G",0.0317
16,84010778,"T","C",-0.0405
16,84441848,"A","G",-0.0377
16,84541252,"T","C",0.0426
16,85310291,"A","G",0.0936
16,86410241,"T","C",0.0634
16,86539875,"T","C",-0.0362
16,89610380,"T","C",-0.0491
16,89660076,"A","G",-0.028
16,90043111,"A","G",0.0508
17,1560014,"A","G",-0.0329
17,4796652,"T","G",0.0298
17,5072131,"A","C",-0.0307
17,5220107,"T","C",-0.0602
17,6824310,"A","G",-0.0358
17,7199755,"A","G",-0.0281
17,7566274,"A","G",0.0449
17,7718146,"A","C",0.0275
17,10814329,"T","C",-0.0325
17,14349659,"A","G",-0.0944
17,19498784,"T","C",0.0308
17,29176132,"A","AG",-0.081
17,30480432,"A","G",-0.0302
17,33652454,"A","G",0.0294
17,38327639,"T","G",-0.1047
17,38397954,"T","C",-0.0803
17,38891405,"A","G",0.0315
17,39676482,"T","C",-0.032
17,39952822,"T","C",0.0278
17,42189891,"A","G",0.0701
17,48109988,"G","GTATGAGCTCCAC",0.0482
17,49376273,"A","G",0.0462
17,49886839,"T","C",0.0381
17,57926671,"T","C",0.0472
17,57947401,"A","G",-0.0893
17,59125280,"T","C",-0.028
17,61495135,"A","G",-0.0289
17,63422371,"T","C",0.1054
17,67010852,"T","G",-0.0353
17,67883456,"T","TA",-0.0365
17,68543706,"T","C",-0.0364
17,77530182,"A","G",-0.0992
17,80124899,"T","C",-0.0331
17,81420221,"T","C",-0.0391
17,81984626,"CT","C",-0.0915
18,843970,"A","G",-0.0456
18,8565112,"A","G",-0.0724
18,13515948,"A","G",0.0884
18,22154667,"A","G",0.1042
18,22324181,"T","C",0.028
18,24328080,"T","C",-0.0867
18,29297532,"T","C",0.1187
18,31973045,"T","G",0.101
18,31973971,"A","G",-0.0303
18,32829032,"A","C",-0.126
18,33354806,"A","G",0.1612
18,33508700,"A","G",0.0567
18,33657394,"T","C",0.0725
18,37574138,"T","C",-0.049
18,38462442,"A","G",0.0419
18,43577265,"A","G",0.0271
18,43829954,"A","G",0.0474
18,43892513,"T","G",-0.0361
18,44055032,"T","C",0.0834
18,45795451,"A","G",-0.0307
18,45830415,"T","G",0.0274
18,46257292,"A","C",-0.033
18,46486148,"T","C",-0.0396
18,50070522,"A","G",-0.0869
18,54643062,"T","C",-0.0622
18,55066674,"T","C",0.0294
18,57358541,"T","TGGTAGAG",0.0396
18,57668134,"T","G",0.0376
18,58073172,"A","G",-0.0351
18,59187354,"A","C",0.1056
18,59847202,"A","G",-0.04
18,59893578,"A","G",-0.0492
18,60295629,"T","G",-0.0294
18,65335543,"A","AT",0.1255
18,68556756,"A","G",-0.1486
18,69468791,"A","G",0.1172
18,69833146,"A","G",0.0653
18,72224710,"G","GA",0.1067
18,74412169,"T","C",-0.0974
18,76698457,"T","TACAC",0.0612
18,78096218,"A","G",-0.0584
18,79485000,"A","G",0.0318
19,1804481,"A","G",0.0777
19,2023657,"T","C",-0.0555
19,6606736,"T","C",0.0346
19,6868003,"T","C",0.0612
19,7270247,"T","C",-0.0515
19,7666106,"T","C",0.0508
19,11745290,"T","G",0.1206
19,17768386,"T","G",-0.0304
19,22527756,"T","C",-0.0461
19,32896361,"A","G",-0.0307
19,40629251,"T","TCA",0.0545
19,43680704,"T","C",0.0353
19,43703166,"T","C",-0.0517
19,43764118,"A","G",-0.0623
19,43844164,"A","G",0.0342
19,43907876,"T","C",0.068
19,43940683,"T","C",-0.111
19,43987709,"A","C",0.1346
19,44402572,"T","C",-0.0898
19,44407290,"T","C",0.076
19,44537831,"T","G",0.0376
19,44603838,"A","G",-0.0325
19,44613847,"T","C",-0.1085
19,44638485,"A","G",0.0378
19,44725196,"T","C",-0.1
19,44892559,"A","G",-0.1001
19,45046755,"T","C",-0.0577
19,45156019,"A","C",-0.1551
19,45220786,"T","C",0.0654
19,45280939,"A","G",-0.0646
19,45411025,"T","C",0.1041
19,45834319,"T","C",-0.0486
19,47661913,"T","G",-0.0296
19,51122980,"A","G",0.0353
19,51178709,"A","C",0.0346
19,54563589,"T","C",-0.0647
19,54572896,"G","GA",0.066
19,54622740,"A","G",-0.0357
19,54647402,"T","C",0.0499
19,56011568,"T","C",-0.0343
19,56367767,"T","C",0.0764
20,993443,"A","G",0.1012
20,1017740,"T","C",0.0358
20,5826974,"A","G",-0.0363
20,5845148,"A","G",0.055
20,9272941,"T","C",-0.0327
20,9309179,"A","G",0.0307
20,9640775,"T","C",0.0296
20,16155105,"T","TC",-0.0278
20,17623615,"T","C",0.0371
20,18282575,"T","G",-0.1175
20,19179726,"T","C",0.0587
20,19598934,"T","C",0.1056
20,22653005,"T","C",0.0378
